region,mean_richness,sd_richness,n_sites,se_richness
STTSTJ,464.8323863636364,54.2471062556674,704,2.044514743324886
STX,470.6585365853659,41.05903219622645,615,1.6556599769191642
